<metadata xml:lang="en"><Esri><CreaDate>20211008</CreaDate><CreaTime>14444400</CreaTime><ArcGISFormat>1.0</ArcGISFormat><SyncOnce>FALSE</SyncOnce><DataProperties><itemProps><itemName Sync="TRUE">parks_entrances</itemName><imsContentType Sync="TRUE">002</imsContentType><itemLocation><linkage Sync="TRUE">file://\\GRS\C$\Users\GSandersfeld\OneDrive\Documents\21-22\Fall\GEOG 3520 GIS for EnvtalStudies\Final Project\parks\parks_entrances.shp</linkage><protocol Sync="TRUE">Local Area Network</protocol></itemLocation><itemSize Sync="TRUE">0.000</itemSize></itemProps><coordRef><type Sync="TRUE">Projected</type><geogcsn Sync="TRUE">GCS_North_American_1983</geogcsn><csUnits Sync="TRUE">Linear Unit: Meter (1.000000)</csUnits><projcsn Sync="TRUE">NAD_1983_UTM_Zone_15N</projcsn><peXml Sync="TRUE">&lt;ProjectedCoordinateSystem xsi:type='typens:ProjectedCoordinateSystem' xmlns:xsi='http://www.w3.org/2001/XMLSchema-instance' xmlns:xs='http://www.w3.org/2001/XMLSchema' xmlns:typens='http://www.esri.com/schemas/ArcGIS/2.9.0'&gt;&lt;WKT&gt;PROJCS[&amp;quot;NAD_1983_UTM_Zone_15N&amp;quot;,GEOGCS[&amp;quot;GCS_North_American_1983&amp;quot;,DATUM[&amp;quot;D_North_American_1983&amp;quot;,SPHEROID[&amp;quot;GRS_1980&amp;quot;,6378137.0,298.257222101]],PRIMEM[&amp;quot;Greenwich&amp;quot;,0.0],UNIT[&amp;quot;Degree&amp;quot;,0.0174532925199433]],PROJECTION[&amp;quot;Transverse_Mercator&amp;quot;],PARAMETER[&amp;quot;False_Easting&amp;quot;,500000.0],PARAMETER[&amp;quot;False_Northing&amp;quot;,0.0],PARAMETER[&amp;quot;Central_Meridian&amp;quot;,-93.0],PARAMETER[&amp;quot;Scale_Factor&amp;quot;,0.9996],PARAMETER[&amp;quot;Latitude_Of_Origin&amp;quot;,0.0],UNIT[&amp;quot;Meter&amp;quot;,1.0],AUTHORITY[&amp;quot;EPSG&amp;quot;,26915]]&lt;/WKT&gt;&lt;XOrigin&gt;-5120900&lt;/XOrigin&gt;&lt;YOrigin&gt;-9998100&lt;/YOrigin&gt;&lt;XYScale&gt;450445547.3910538&lt;/XYScale&gt;&lt;ZOrigin&gt;-100000&lt;/ZOrigin&gt;&lt;ZScale&gt;10000&lt;/ZScale&gt;&lt;MOrigin&gt;-100000&lt;/MOrigin&gt;&lt;MScale&gt;10000&lt;/MScale&gt;&lt;XYTolerance&gt;0.001&lt;/XYTolerance&gt;&lt;ZTolerance&gt;0.001&lt;/ZTolerance&gt;&lt;MTolerance&gt;0.001&lt;/MTolerance&gt;&lt;HighPrecision&gt;true&lt;/HighPrecision&gt;&lt;WKID&gt;26915&lt;/WKID&gt;&lt;LatestWKID&gt;26915&lt;/LatestWKID&gt;&lt;/ProjectedCoordinateSystem&gt;</peXml></coordRef><lineage><Process ToolSource="c:\program files (x86)\arcgis\desktop10.7\ArcToolbox\Toolboxes\Conversion Tools.tbx\FeatureClassToFeatureClass" Date="20210302" Time="090756">FeatureClassToFeatureClass R:\hasander\UES_LAB\E_IA_Biodiversity_Study\Iowa_cons_rec_lands2020\Public_Lands_Used_for_Conservation_and_Recreation_in_Iowa.shp C:\workspace\CR_UWIN\sampling\sampling_DB.gdb public_lands_conservation # "OBJECTID "OBJECTID" true true false 5 Long 0 5 ,First,#,R:\hasander\UES_LAB\E_IA_Biodiversity_Study\Iowa_cons_rec_lands2020\Public_Lands_Used_for_Conservation_and_Recreation_in_Iowa.shp,OBJECTID,-1,-1;NAME "NAME" true true false 57 Text 0 0 ,First,#,R:\hasander\UES_LAB\E_IA_Biodiversity_Study\Iowa_cons_rec_lands2020\Public_Lands_Used_for_Conservation_and_Recreation_in_Iowa.shp,NAME,-1,-1;UNIT "UNIT" true true false 43 Text 0 0 ,First,#,R:\hasander\UES_LAB\E_IA_Biodiversity_Study\Iowa_cons_rec_lands2020\Public_Lands_Used_for_Conservation_and_Recreation_in_Iowa.shp,UNIT,-1,-1;NameUnit "NameUnit" true true false 96 Text 0 0 ,First,#,R:\hasander\UES_LAB\E_IA_Biodiversity_Study\Iowa_cons_rec_lands2020\Public_Lands_Used_for_Conservation_and_Recreation_in_Iowa.shp,NameUnit,-1,-1;OWNER "OWNER" true true false 30 Text 0 0 ,First,#,R:\hasander\UES_LAB\E_IA_Biodiversity_Study\Iowa_cons_rec_lands2020\Public_Lands_Used_for_Conservation_and_Recreation_in_Iowa.shp,OWNER,-1,-1;MANAGER "MANAGER" true true false 30 Text 0 0 ,First,#,R:\hasander\UES_LAB\E_IA_Biodiversity_Study\Iowa_cons_rec_lands2020\Public_Lands_Used_for_Conservation_and_Recreation_in_Iowa.shp,MANAGER,-1,-1;TYPE "TYPE" true true false 30 Text 0 0 ,First,#,R:\hasander\UES_LAB\E_IA_Biodiversity_Study\Iowa_cons_rec_lands2020\Public_Lands_Used_for_Conservation_and_Recreation_in_Iowa.shp,TYPE,-1,-1;C_R "C_R" true true false 4 Text 0 0 ,First,#,R:\hasander\UES_LAB\E_IA_Biodiversity_Study\Iowa_cons_rec_lands2020\Public_Lands_Used_for_Conservation_and_Recreation_in_Iowa.shp,C_R,-1,-1;ACCESS "ACCESS" true true false 1 Text 0 0 ,First,#,R:\hasander\UES_LAB\E_IA_Biodiversity_Study\Iowa_cons_rec_lands2020\Public_Lands_Used_for_Conservation_and_Recreation_in_Iowa.shp,ACCESS,-1,-1;PUB_HUNT "PUB_HUNT" true true false 1 Text 0 0 ,First,#,R:\hasander\UES_LAB\E_IA_Biodiversity_Study\Iowa_cons_rec_lands2020\Public_Lands_Used_for_Conservation_and_Recreation_in_Iowa.shp,PUB_HUNT,-1,-1;ease_hold "ease_hold" true true false 11 Text 0 0 ,First,#,R:\hasander\UES_LAB\E_IA_Biodiversity_Study\Iowa_cons_rec_lands2020\Public_Lands_Used_for_Conservation_and_Recreation_in_Iowa.shp,ease_hold,-1,-1;ease_typ "ease_typ" true true false 17 Text 0 0 ,First,#,R:\hasander\UES_LAB\E_IA_Biodiversity_Study\Iowa_cons_rec_lands2020\Public_Lands_Used_for_Conservation_and_Recreation_in_Iowa.shp,ease_typ,-1,-1;SOURCE "SOURCE" true true false 20 Text 0 0 ,First,#,R:\hasander\UES_LAB\E_IA_Biodiversity_Study\Iowa_cons_rec_lands2020\Public_Lands_Used_for_Conservation_and_Recreation_in_Iowa.shp,SOURCE,-1,-1;DIGSOURC "DIGSOURC" true true false 35 Text 0 0 ,First,#,R:\hasander\UES_LAB\E_IA_Biodiversity_Study\Iowa_cons_rec_lands2020\Public_Lands_Used_for_Conservation_and_Recreation_in_Iowa.shp,DIGSOURC,-1,-1;COUNTY "COUNTY" true true false 16 Text 0 0 ,First,#,R:\hasander\UES_LAB\E_IA_Biodiversity_Study\Iowa_cons_rec_lands2020\Public_Lands_Used_for_Conservation_and_Recreation_in_Iowa.shp,COUNTY,-1,-1;ACRES "ACRES" true true false 24 Double 15 23 ,First,#,R:\hasander\UES_LAB\E_IA_Biodiversity_Study\Iowa_cons_rec_lands2020\Public_Lands_Used_for_Conservation_and_Recreation_in_Iowa.shp,ACRES,-1,-1;GAP_OWNCOD "GAP_OWNCOD" true true false 4 Short 0 4 ,First,#,R:\hasander\UES_LAB\E_IA_Biodiversity_Study\Iowa_cons_rec_lands2020\Public_Lands_Used_for_Conservation_and_Recreation_in_Iowa.shp,GAP_OWNCOD,-1,-1;GAP_MANCOD "GAP_MANCOD" true true false 4 Short 0 4 ,First,#,R:\hasander\UES_LAB\E_IA_Biodiversity_Study\Iowa_cons_rec_lands2020\Public_Lands_Used_for_Conservation_and_Recreation_in_Iowa.shp,GAP_MANCOD,-1,-1;GAP_EASE1 "GAP_EASE1" true true false 4 Short 0 4 ,First,#,R:\hasander\UES_LAB\E_IA_Biodiversity_Study\Iowa_cons_rec_lands2020\Public_Lands_Used_for_Conservation_and_Recreation_in_Iowa.shp,GAP_EASE1,-1,-1;GAP_STATUS "GAP_STATUS" true true false 1 Short 0 1 ,First,#,R:\hasander\UES_LAB\E_IA_Biodiversity_Study\Iowa_cons_rec_lands2020\Public_Lands_Used_for_Conservation_and_Recreation_in_Iowa.shp,GAP_STATUS,-1,-1;WLIFE_ID "WLIFE_ID" true true false 4 Short 0 4 ,First,#,R:\hasander\UES_LAB\E_IA_Biodiversity_Study\Iowa_cons_rec_lands2020\Public_Lands_Used_for_Conservation_and_Recreation_in_Iowa.shp,WLIFE_ID,-1,-1;PRSRV_ID "PRSRV_ID" true true false 2 Short 0 2 ,First,#,R:\hasander\UES_LAB\E_IA_Biodiversity_Study\Iowa_cons_rec_lands2020\Public_Lands_Used_for_Conservation_and_Recreation_in_Iowa.shp,PRSRV_ID,-1,-1;PARK_ID "PARK_ID" true true false 6 Long 0 6 ,First,#,R:\hasander\UES_LAB\E_IA_Biodiversity_Study\Iowa_cons_rec_lands2020\Public_Lands_Used_for_Conservation_and_Recreation_in_Iowa.shp,PARK_ID,-1,-1;CRL_ID "CRL_ID" true true false 5 Long 0 5 ,First,#,R:\hasander\UES_LAB\E_IA_Biodiversity_Study\Iowa_cons_rec_lands2020\Public_Lands_Used_for_Conservation_and_Recreation_in_Iowa.shp,CRL_ID,-1,-1;ResAm_ID "ResAm_ID" true true false 6 Text 0 0 ,First,#,R:\hasander\UES_LAB\E_IA_Biodiversity_Study\Iowa_cons_rec_lands2020\Public_Lands_Used_for_Conservation_and_Recreation_in_Iowa.shp,ResAm_ID,-1,-1;Forest_ID "Forest_ID" true true false 2 Text 0 0 ,First,#,R:\hasander\UES_LAB\E_IA_Biodiversity_Study\Iowa_cons_rec_lands2020\Public_Lands_Used_for_Conservation_and_Recreation_in_Iowa.shp,Forest_ID,-1,-1;Lake_ID "Lake_ID" true true false 5 Text 0 0 ,First,#,R:\hasander\UES_LAB\E_IA_Biodiversity_Study\Iowa_cons_rec_lands2020\Public_Lands_Used_for_Conservation_and_Recreation_in_Iowa.shp,Lake_ID,-1,-1;StPark_ID "StPark_ID" true true false 6 Text 0 0 ,First,#,R:\hasander\UES_LAB\E_IA_Biodiversity_Study\Iowa_cons_rec_lands2020\Public_Lands_Used_for_Conservation_and_Recreation_in_Iowa.shp,StPark_ID,-1,-1;IHAP_ID "IHAP_ID" true true false 1 Short 0 1 ,First,#,R:\hasander\UES_LAB\E_IA_Biodiversity_Study\Iowa_cons_rec_lands2020\Public_Lands_Used_for_Conservation_and_Recreation_in_Iowa.shp,IHAP_ID,-1,-1;CCB_ID "CCB_ID" true true false 4 Text 0 0 ,First,#,R:\hasander\UES_LAB\E_IA_Biodiversity_Study\Iowa_cons_rec_lands2020\Public_Lands_Used_for_Conservation_and_Recreation_in_Iowa.shp,CCB_ID,-1,-1;Hunt_ID "Hunt_ID" true true false 4 Short 0 4 ,First,#,R:\hasander\UES_LAB\E_IA_Biodiversity_Study\Iowa_cons_rec_lands2020\Public_Lands_Used_for_Conservation_and_Recreation_in_Iowa.shp,Hunt_ID,-1,-1;idAdminB "idAdminB" true true false 6 Long 0 6 ,First,#,R:\hasander\UES_LAB\E_IA_Biodiversity_Study\Iowa_cons_rec_lands2020\Public_Lands_Used_for_Conservation_and_Recreation_in_Iowa.shp,idAdminB,-1,-1;edit_by "edit_by" true true false 11 Text 0 0 ,First,#,R:\hasander\UES_LAB\E_IA_Biodiversity_Study\Iowa_cons_rec_lands2020\Public_Lands_Used_for_Conservation_and_Recreation_in_Iowa.shp,edit_by,-1,-1;edit_date "edit_date" true true false 8 Date 0 0 ,First,#,R:\hasander\UES_LAB\E_IA_Biodiversity_Study\Iowa_cons_rec_lands2020\Public_Lands_Used_for_Conservation_and_Recreation_in_Iowa.shp,edit_date,-1,-1;More_Info "More_Info" true true false 91 Text 0 0 ,First,#,R:\hasander\UES_LAB\E_IA_Biodiversity_Study\Iowa_cons_rec_lands2020\Public_Lands_Used_for_Conservation_and_Recreation_in_Iowa.shp,More_Info,-1,-1;ShapeSTAre "ShapeSTAre" true true false 24 Double 15 23 ,First,#,R:\hasander\UES_LAB\E_IA_Biodiversity_Study\Iowa_cons_rec_lands2020\Public_Lands_Used_for_Conservation_and_Recreation_in_Iowa.shp,ShapeSTAre,-1,-1;ShapeSTLen "ShapeSTLen" true true false 24 Double 15 23 ,First,#,R:\hasander\UES_LAB\E_IA_Biodiversity_Study\Iowa_cons_rec_lands2020\Public_Lands_Used_for_Conservation_and_Recreation_in_Iowa.shp,ShapeSTLen,-1,-1" #</Process><Process ToolSource="c:\program files (x86)\arcgis\desktop10.7\ArcToolbox\Toolboxes\Data Management Tools.tbx\CalculateField" Date="20210625" Time="165751">CalculateField public_lands_conservation NAME "Terry Trueblood Recreation Area" VB #</Process><Process ToolSource="c:\program files (x86)\arcgis\desktop10.7\ArcToolbox\Toolboxes\Data Management Tools.tbx\CalculateField" Date="20210625" Time="180109">CalculateField public_lands_conservation NAME "Water Works Prairie Park" VB #</Process><Process ToolSource="c:\program files\arcgis\pro\Resources\ArcToolbox\toolboxes\Analysis Tools.tbx\Clip" Date="20211202" Time="202933">Clip public_lands_conservationt tl_2019_19_bg_LINN_COUNTY "C:\Users\GSandersfeld\OneDrive\Documents\21-22\Fall\GEOG 3520 GIS for EnvtalStudies\Final Project\CRParks Derecho Project\CRParks Derecho Project.gdb\public_lands_conservation_linncounty" #</Process><Process ToolSource="c:\program files\arcgis\pro\Resources\ArcToolbox\toolboxes\Data Management Tools.tbx\FeatureToPoint" Date="20211202" Time="205507">FeatureToPoint public_lands_conservation_linncounty "C:\Users\GSandersfeld\OneDrive\Documents\21-22\Fall\GEOG 3520 GIS for EnvtalStudies\Final Project\CRParks Derecho Project\CRParks Derecho Project.gdb\parks_conservation_centroid" INSIDE</Process><Process ToolSource="c:\program files\arcgis\pro\Resources\ArcToolbox\toolboxes\Conversion Tools.tbx\FeatureClassToFeatureClass" Date="20211214" Time="204153">FeatureClassToFeatureClass parks_conservation_centroid "C:\Users\GSandersfeld\OneDrive\Documents\21-22\Fall\GEOG 3520 GIS for EnvtalStudies\Final Project\parks" parks_entrances.shp # "OBJECTID_1 "OBJECTID_1" true true false 4 Long 0 0,First,#,parks_conservation_centroid,OBJECTID_1,-1,-1;OBJECTID "OBJECTID" true true false 4 Long 0 0,First,#,parks_conservation_centroid,OBJECTID,-1,-1;NAME "NAME" true true false 57 Text 0 0,First,#,parks_conservation_centroid,NAME,0,57;UNIT "UNIT" true true false 43 Text 0 0,First,#,parks_conservation_centroid,UNIT,0,43;NameUnit "NameUnit" true true false 96 Text 0 0,First,#,parks_conservation_centroid,NameUnit,0,96;OWNER "OWNER" true true false 30 Text 0 0,First,#,parks_conservation_centroid,OWNER,0,30;MANAGER "MANAGER" true true false 30 Text 0 0,First,#,parks_conservation_centroid,MANAGER,0,30;TYPE "TYPE" true true false 30 Text 0 0,First,#,parks_conservation_centroid,TYPE,0,30;C_R "C_R" true true false 4 Text 0 0,First,#,parks_conservation_centroid,C_R,0,4;ACCESS "ACCESS" true true false 1 Text 0 0,First,#,parks_conservation_centroid,ACCESS,0,1;PUB_HUNT "PUB_HUNT" true true false 1 Text 0 0,First,#,parks_conservation_centroid,PUB_HUNT,0,1;ease_hold "ease_hold" true true false 11 Text 0 0,First,#,parks_conservation_centroid,ease_hold,0,11;ease_typ "ease_typ" true true false 17 Text 0 0,First,#,parks_conservation_centroid,ease_typ,0,17;SOURCE "SOURCE" true true false 20 Text 0 0,First,#,parks_conservation_centroid,SOURCE,0,20;DIGSOURC "DIGSOURC" true true false 35 Text 0 0,First,#,parks_conservation_centroid,DIGSOURC,0,35;COUNTY "COUNTY" true true false 16 Text 0 0,First,#,parks_conservation_centroid,COUNTY,0,16;ACRES "ACRES" true true false 8 Double 0 0,First,#,parks_conservation_centroid,ACRES,-1,-1;GAP_OWNCOD "GAP_OWNCOD" true true false 4 Long 0 0,First,#,parks_conservation_centroid,GAP_OWNCOD,-1,-1;GAP_MANCOD "GAP_MANCOD" true true false 4 Long 0 0,First,#,parks_conservation_centroid,GAP_MANCOD,-1,-1;GAP_EASE1 "GAP_EASE1" true true false 4 Long 0 0,First,#,parks_conservation_centroid,GAP_EASE1,-1,-1;GAP_STATUS "GAP_STATUS" true true false 4 Long 0 0,First,#,parks_conservation_centroid,GAP_STATUS,-1,-1;WLIFE_ID "WLIFE_ID" true true false 4 Long 0 0,First,#,parks_conservation_centroid,WLIFE_ID,-1,-1;PRSRV_ID "PRSRV_ID" true true false 4 Long 0 0,First,#,parks_conservation_centroid,PRSRV_ID,-1,-1;PARK_ID "PARK_ID" true true false 4 Long 0 0,First,#,parks_conservation_centroid,PARK_ID,-1,-1;CRL_ID "CRL_ID" true true false 4 Long 0 0,First,#,parks_conservation_centroid,CRL_ID,-1,-1;ResAm_ID "ResAm_ID" true true false 6 Text 0 0,First,#,parks_conservation_centroid,ResAm_ID,0,6;Forest_ID "Forest_ID" true true false 2 Text 0 0,First,#,parks_conservation_centroid,Forest_ID,0,2;Lake_ID "Lake_ID" true true false 5 Text 0 0,First,#,parks_conservation_centroid,Lake_ID,0,5;StPark_ID "StPark_ID" true true false 6 Text 0 0,First,#,parks_conservation_centroid,StPark_ID,0,6;IHAP_ID "IHAP_ID" true true false 4 Long 0 0,First,#,parks_conservation_centroid,IHAP_ID,-1,-1;CCB_ID "CCB_ID" true true false 4 Text 0 0,First,#,parks_conservation_centroid,CCB_ID,0,4;Hunt_ID "Hunt_ID" true true false 4 Long 0 0,First,#,parks_conservation_centroid,Hunt_ID,-1,-1;idAdminB "idAdminB" true true false 4 Long 0 0,First,#,parks_conservation_centroid,idAdminB,-1,-1;edit_by "edit_by" true true false 11 Text 0 0,First,#,parks_conservation_centroid,edit_by,0,11;edit_date "edit_date" true true false 8 Date 0 0,First,#,parks_conservation_centroid,edit_date,-1,-1;More_Info "More_Info" true true false 91 Text 0 0,First,#,parks_conservation_centroid,More_Info,0,91;ShapeSTAre "ShapeSTAre" true true false 8 Double 0 0,First,#,parks_conservation_centroid,ShapeSTAre,-1,-1;ShapeSTLen "ShapeSTLen" true true false 8 Double 0 0,First,#,parks_conservation_centroid,ShapeSTLen,-1,-1;Shape_Leng "Shape_Leng" true true false 8 Double 0 0,First,#,parks_conservation_centroid,Shape_Leng,-1,-1;ORIG_FID "ORIG_FID" true true false 4 Long 0 0,First,#,parks_conservation_centroid,ORIG_FID,-1,-1" #</Process><Process ToolSource="c:\program files\arcgis\pro\Resources\ArcToolbox\toolboxes\Data Management Tools.tbx\UpdateSchema" Date="20211215" Time="121319">UpdateSchema "CIMDATA=&lt;CIMStandardDataConnection xsi:type='typens:CIMStandardDataConnection' xmlns:xsi='http://www.w3.org/2001/XMLSchema-instance' xmlns:xs='http://www.w3.org/2001/XMLSchema' xmlns:typens='http://www.esri.com/schemas/ArcGIS/2.9.0'&gt;&lt;WorkspaceConnectionString&gt;DATABASE=C:\Users\GSandersfeld\OneDrive\Documents\21-22\Fall\GEOG 3520 GIS for EnvtalStudies\Final Project\parks&lt;/WorkspaceConnectionString&gt;&lt;WorkspaceFactory&gt;Shapefile&lt;/WorkspaceFactory&gt;&lt;Dataset&gt;parks_entrances.shp&lt;/Dataset&gt;&lt;DatasetType&gt;esriDTFeatureClass&lt;/DatasetType&gt;&lt;/CIMStandardDataConnection&gt;" &lt;operationSequence&gt;&lt;workflow&gt;&lt;AddField&gt;&lt;field_name&gt;Dmg&lt;/field_name&gt;&lt;field_type&gt;SHORT&lt;/field_type&gt;&lt;field_is_nullable&gt;False&lt;/field_is_nullable&gt;&lt;field_is_required&gt;False&lt;/field_is_required&gt;&lt;/AddField&gt;&lt;/workflow&gt;&lt;/operationSequence&gt;</Process><Process ToolSource="c:\program files\arcgis\pro\Resources\ArcToolbox\toolboxes\Data Management Tools.tbx\CalculateField" Date="20211215" Time="121345">CalculateField parks_entrances Dmg 1 "Python 3" # Text NO_ENFORCE_DOMAINS</Process><Process ToolSource="c:\program files\arcgis\pro\Resources\ArcToolbox\toolboxes\Data Management Tools.tbx\CalculateField" Date="20211215" Time="121428">CalculateField parks_entrances Dmg 0 "Python 3" # Text NO_ENFORCE_DOMAINS</Process><Process ToolSource="c:\program files\arcgis\pro\Resources\ArcToolbox\toolboxes\Data Management Tools.tbx\UpdateSchema" Date="20211215" Time="122246">UpdateSchema "CIMDATA=&lt;CIMStandardDataConnection xsi:type='typens:CIMStandardDataConnection' xmlns:xsi='http://www.w3.org/2001/XMLSchema-instance' xmlns:xs='http://www.w3.org/2001/XMLSchema' xmlns:typens='http://www.esri.com/schemas/ArcGIS/2.9.0'&gt;&lt;WorkspaceConnectionString&gt;DATABASE=C:\Users\GSandersfeld\OneDrive\Documents\21-22\Fall\GEOG 3520 GIS for EnvtalStudies\Final Project\parks&lt;/WorkspaceConnectionString&gt;&lt;WorkspaceFactory&gt;Shapefile&lt;/WorkspaceFactory&gt;&lt;Dataset&gt;parks_entrances.shp&lt;/Dataset&gt;&lt;DatasetType&gt;esriDTFeatureClass&lt;/DatasetType&gt;&lt;/CIMStandardDataConnection&gt;" &lt;operationSequence&gt;&lt;workflow&gt;&lt;DeleteField&gt;&lt;field_name&gt;Dmg&lt;/field_name&gt;&lt;/DeleteField&gt;&lt;/workflow&gt;&lt;/operationSequence&gt;</Process></lineage></DataProperties><SyncDate>20211214</SyncDate><SyncTime>20415300</SyncTime><ModDate>20211214</ModDate><ModTime>20415300</ModTime></Esri><dataIdInfo><envirDesc Sync="TRUE">Microsoft Windows 10 Version 10.0 (Build 19042) ; Esri ArcGIS 12.9.0.32739</envirDesc><dataLang><languageCode value="eng" Sync="TRUE"></languageCode><countryCode value="USA" Sync="TRUE"></countryCode></dataLang><idCitation><resTitle Sync="TRUE">parks_entrances</resTitle><presForm><PresFormCd value="005" Sync="TRUE"></PresFormCd></presForm></idCitation><spatRpType><SpatRepTypCd value="001" Sync="TRUE"></SpatRepTypCd></spatRpType></dataIdInfo><mdLang><languageCode value="eng" Sync="TRUE"></languageCode><countryCode value="USA" Sync="TRUE"></countryCode></mdLang><distInfo><distFormat><formatName Sync="TRUE">Shapefile</formatName></distFormat><distTranOps><transSize Sync="TRUE">0.000</transSize></distTranOps></distInfo><mdHrLv><ScopeCd value="005" Sync="TRUE"></ScopeCd></mdHrLv><mdHrLvName Sync="TRUE">dataset</mdHrLvName><refSysInfo><RefSystem><refSysID><identCode code="26915" Sync="TRUE"></identCode><idCodeSpace Sync="TRUE">EPSG</idCodeSpace><idVersion Sync="TRUE">6.11(3.0.1)</idVersion></refSysID></RefSystem></refSysInfo><spatRepInfo><VectSpatRep><geometObjs Name="parks_entrances"><geoObjTyp><GeoObjTypCd value="004" Sync="TRUE"></GeoObjTypCd></geoObjTyp><geoObjCnt Sync="TRUE">0</geoObjCnt></geometObjs><topLvl><TopoLevCd value="001" Sync="TRUE"></TopoLevCd></topLvl></VectSpatRep></spatRepInfo><spdoinfo><ptvctinf><esriterm Name="parks_entrances"><efeatyp Sync="TRUE">Simple</efeatyp><efeageom code="1" Sync="TRUE"></efeageom><esritopo Sync="TRUE">FALSE</esritopo><efeacnt Sync="TRUE">0</efeacnt><spindex Sync="TRUE">FALSE</spindex><linrefer Sync="TRUE">FALSE</linrefer></esriterm></ptvctinf></spdoinfo><eainfo><detailed Name="parks_entrances"><enttyp><enttypl Sync="TRUE">parks_entrances</enttypl><enttypt Sync="TRUE">Feature Class</enttypt><enttypc Sync="TRUE">0</enttypc></enttyp><attr><attrlabl Sync="TRUE">FID</attrlabl><attalias Sync="TRUE">FID</attalias><attrtype Sync="TRUE">OID</attrtype><attwidth Sync="TRUE">4</attwidth><atprecis Sync="TRUE">0</atprecis><attscale Sync="TRUE">0</attscale><attrdef Sync="TRUE">Internal feature number.</attrdef><attrdefs Sync="TRUE">Esri</attrdefs><attrdomv><udom Sync="TRUE">Sequential unique whole numbers that are automatically generated.</udom></attrdomv></attr><attr><attrlabl Sync="TRUE">OBJECTID_1</attrlabl><attalias Sync="TRUE">OBJECTID_1</attalias><attrtype Sync="TRUE">Integer</attrtype><attwidth Sync="TRUE">10</attwidth><atprecis Sync="TRUE">10</atprecis><attscale Sync="TRUE">0</attscale><attrdef Sync="TRUE">Internal feature number.</attrdef><attrdefs Sync="TRUE">Esri</attrdefs><attrdomv><udom Sync="TRUE">Sequential unique whole numbers that are automatically generated.</udom></attrdomv></attr><attr><attrlabl Sync="TRUE">Shape</attrlabl><attalias Sync="TRUE">Shape</attalias><attrtype Sync="TRUE">Geometry</attrtype><attwidth Sync="TRUE">0</attwidth><atprecis Sync="TRUE">0</atprecis><attscale Sync="TRUE">0</attscale><attrdef Sync="TRUE">Feature geometry.</attrdef><attrdefs Sync="TRUE">Esri</attrdefs><attrdomv><udom Sync="TRUE">Coordinates defining the features.</udom></attrdomv></attr><attr><attrlabl Sync="TRUE">OBJECTID</attrlabl><attalias Sync="TRUE">OBJECTID</attalias><attrtype Sync="TRUE">Integer</attrtype><attwidth Sync="TRUE">10</attwidth><atprecis Sync="TRUE">10</atprecis><attscale Sync="TRUE">0</attscale></attr><attr><attrlabl Sync="TRUE">NAME</attrlabl><attalias Sync="TRUE">NAME</attalias><attrtype Sync="TRUE">String</attrtype><attwidth Sync="TRUE">57</attwidth><atprecis Sync="TRUE">0</atprecis><attscale Sync="TRUE">0</attscale></attr><attr><attrlabl Sync="TRUE">UNIT</attrlabl><attalias Sync="TRUE">UNIT</attalias><attrtype Sync="TRUE">String</attrtype><attwidth Sync="TRUE">43</attwidth><atprecis Sync="TRUE">0</atprecis><attscale Sync="TRUE">0</attscale></attr><attr><attrlabl Sync="TRUE">NameUnit</attrlabl><attalias Sync="TRUE">NameUnit</attalias><attrtype Sync="TRUE">String</attrtype><attwidth Sync="TRUE">96</attwidth><atprecis Sync="TRUE">0</atprecis><attscale Sync="TRUE">0</attscale></attr><attr><attrlabl Sync="TRUE">OWNER</attrlabl><attalias Sync="TRUE">OWNER</attalias><attrtype Sync="TRUE">String</attrtype><attwidth Sync="TRUE">30</attwidth><atprecis Sync="TRUE">0</atprecis><attscale Sync="TRUE">0</attscale></attr><attr><attrlabl Sync="TRUE">MANAGER</attrlabl><attalias Sync="TRUE">MANAGER</attalias><attrtype Sync="TRUE">String</attrtype><attwidth Sync="TRUE">30</attwidth><atprecis Sync="TRUE">0</atprecis><attscale Sync="TRUE">0</attscale></attr><attr><attrlabl Sync="TRUE">TYPE</attrlabl><attalias Sync="TRUE">TYPE</attalias><attrtype Sync="TRUE">String</attrtype><attwidth Sync="TRUE">30</attwidth><atprecis Sync="TRUE">0</atprecis><attscale Sync="TRUE">0</attscale></attr><attr><attrlabl Sync="TRUE">C_R</attrlabl><attalias Sync="TRUE">C_R</attalias><attrtype Sync="TRUE">String</attrtype><attwidth Sync="TRUE">4</attwidth><atprecis Sync="TRUE">0</atprecis><attscale Sync="TRUE">0</attscale></attr><attr><attrlabl Sync="TRUE">ACCESS</attrlabl><attalias Sync="TRUE">ACCESS</attalias><attrtype Sync="TRUE">String</attrtype><attwidth Sync="TRUE">1</attwidth><atprecis Sync="TRUE">0</atprecis><attscale Sync="TRUE">0</attscale></attr><attr><attrlabl Sync="TRUE">PUB_HUNT</attrlabl><attalias Sync="TRUE">PUB_HUNT</attalias><attrtype Sync="TRUE">String</attrtype><attwidth Sync="TRUE">1</attwidth><atprecis Sync="TRUE">0</atprecis><attscale Sync="TRUE">0</attscale></attr><attr><attrlabl Sync="TRUE">ease_hold</attrlabl><attalias Sync="TRUE">ease_hold</attalias><attrtype Sync="TRUE">String</attrtype><attwidth Sync="TRUE">11</attwidth><atprecis Sync="TRUE">0</atprecis><attscale Sync="TRUE">0</attscale></attr><attr><attrlabl Sync="TRUE">ease_typ</attrlabl><attalias Sync="TRUE">ease_typ</attalias><attrtype Sync="TRUE">String</attrtype><attwidth Sync="TRUE">17</attwidth><atprecis Sync="TRUE">0</atprecis><attscale Sync="TRUE">0</attscale></attr><attr><attrlabl Sync="TRUE">SOURCE</attrlabl><attalias Sync="TRUE">SOURCE</attalias><attrtype Sync="TRUE">String</attrtype><attwidth Sync="TRUE">20</attwidth><atprecis Sync="TRUE">0</atprecis><attscale Sync="TRUE">0</attscale></attr><attr><attrlabl Sync="TRUE">DIGSOURC</attrlabl><attalias Sync="TRUE">DIGSOURC</attalias><attrtype Sync="TRUE">String</attrtype><attwidth Sync="TRUE">35</attwidth><atprecis Sync="TRUE">0</atprecis><attscale Sync="TRUE">0</attscale></attr><attr><attrlabl Sync="TRUE">COUNTY</attrlabl><attalias Sync="TRUE">COUNTY</attalias><attrtype Sync="TRUE">String</attrtype><attwidth Sync="TRUE">16</attwidth><atprecis Sync="TRUE">0</atprecis><attscale Sync="TRUE">0</attscale></attr><attr><attrlabl Sync="TRUE">ACRES</attrlabl><attalias Sync="TRUE">ACRES</attalias><attrtype Sync="TRUE">Double</attrtype><attwidth Sync="TRUE">19</attwidth><atprecis Sync="TRUE">0</atprecis><attscale Sync="TRUE">0</attscale></attr><attr><attrlabl Sync="TRUE">GAP_OWNCOD</attrlabl><attalias Sync="TRUE">GAP_OWNCOD</attalias><attrtype Sync="TRUE">Integer</attrtype><attwidth Sync="TRUE">10</attwidth><atprecis Sync="TRUE">10</atprecis><attscale Sync="TRUE">0</attscale></attr><attr><attrlabl Sync="TRUE">GAP_MANCOD</attrlabl><attalias Sync="TRUE">GAP_MANCOD</attalias><attrtype Sync="TRUE">Integer</attrtype><attwidth Sync="TRUE">10</attwidth><atprecis Sync="TRUE">10</atprecis><attscale Sync="TRUE">0</attscale></attr><attr><attrlabl Sync="TRUE">GAP_EASE1</attrlabl><attalias Sync="TRUE">GAP_EASE1</attalias><attrtype Sync="TRUE">Integer</attrtype><attwidth Sync="TRUE">10</attwidth><atprecis Sync="TRUE">10</atprecis><attscale Sync="TRUE">0</attscale></attr><attr><attrlabl Sync="TRUE">GAP_STATUS</attrlabl><attalias Sync="TRUE">GAP_STATUS</attalias><attrtype Sync="TRUE">Integer</attrtype><attwidth Sync="TRUE">10</attwidth><atprecis Sync="TRUE">10</atprecis><attscale Sync="TRUE">0</attscale></attr><attr><attrlabl Sync="TRUE">WLIFE_ID</attrlabl><attalias Sync="TRUE">WLIFE_ID</attalias><attrtype Sync="TRUE">Integer</attrtype><attwidth Sync="TRUE">10</attwidth><atprecis Sync="TRUE">10</atprecis><attscale Sync="TRUE">0</attscale></attr><attr><attrlabl Sync="TRUE">PRSRV_ID</attrlabl><attalias Sync="TRUE">PRSRV_ID</attalias><attrtype Sync="TRUE">Integer</attrtype><attwidth Sync="TRUE">10</attwidth><atprecis Sync="TRUE">10</atprecis><attscale Sync="TRUE">0</attscale></attr><attr><attrlabl Sync="TRUE">PARK_ID</attrlabl><attalias Sync="TRUE">PARK_ID</attalias><attrtype Sync="TRUE">Integer</attrtype><attwidth Sync="TRUE">10</attwidth><atprecis Sync="TRUE">10</atprecis><attscale Sync="TRUE">0</attscale></attr><attr><attrlabl Sync="TRUE">CRL_ID</attrlabl><attalias Sync="TRUE">CRL_ID</attalias><attrtype Sync="TRUE">Integer</attrtype><attwidth Sync="TRUE">10</attwidth><atprecis Sync="TRUE">10</atprecis><attscale Sync="TRUE">0</attscale></attr><attr><attrlabl Sync="TRUE">ResAm_ID</attrlabl><attalias Sync="TRUE">ResAm_ID</attalias><attrtype Sync="TRUE">String</attrtype><attwidth Sync="TRUE">6</attwidth><atprecis Sync="TRUE">0</atprecis><attscale Sync="TRUE">0</attscale></attr><attr><attrlabl Sync="TRUE">Forest_ID</attrlabl><attalias Sync="TRUE">Forest_ID</attalias><attrtype Sync="TRUE">String</attrtype><attwidth Sync="TRUE">2</attwidth><atprecis Sync="TRUE">0</atprecis><attscale Sync="TRUE">0</attscale></attr><attr><attrlabl Sync="TRUE">Lake_ID</attrlabl><attalias Sync="TRUE">Lake_ID</attalias><attrtype Sync="TRUE">String</attrtype><attwidth Sync="TRUE">5</attwidth><atprecis Sync="TRUE">0</atprecis><attscale Sync="TRUE">0</attscale></attr><attr><attrlabl Sync="TRUE">StPark_ID</attrlabl><attalias Sync="TRUE">StPark_ID</attalias><attrtype Sync="TRUE">String</attrtype><attwidth Sync="TRUE">6</attwidth><atprecis Sync="TRUE">0</atprecis><attscale Sync="TRUE">0</attscale></attr><attr><attrlabl Sync="TRUE">IHAP_ID</attrlabl><attalias Sync="TRUE">IHAP_ID</attalias><attrtype Sync="TRUE">Integer</attrtype><attwidth Sync="TRUE">10</attwidth><atprecis Sync="TRUE">10</atprecis><attscale Sync="TRUE">0</attscale></attr><attr><attrlabl Sync="TRUE">CCB_ID</attrlabl><attalias Sync="TRUE">CCB_ID</attalias><attrtype Sync="TRUE">String</attrtype><attwidth Sync="TRUE">4</attwidth><atprecis Sync="TRUE">0</atprecis><attscale Sync="TRUE">0</attscale></attr><attr><attrlabl Sync="TRUE">Hunt_ID</attrlabl><attalias Sync="TRUE">Hunt_ID</attalias><attrtype Sync="TRUE">Integer</attrtype><attwidth Sync="TRUE">10</attwidth><atprecis Sync="TRUE">10</atprecis><attscale Sync="TRUE">0</attscale></attr><attr><attrlabl Sync="TRUE">idAdminB</attrlabl><attalias Sync="TRUE">idAdminB</attalias><attrtype Sync="TRUE">Integer</attrtype><attwidth Sync="TRUE">10</attwidth><atprecis Sync="TRUE">10</atprecis><attscale Sync="TRUE">0</attscale></attr><attr><attrlabl Sync="TRUE">edit_by</attrlabl><attalias Sync="TRUE">edit_by</attalias><attrtype Sync="TRUE">String</attrtype><attwidth Sync="TRUE">11</attwidth><atprecis Sync="TRUE">0</atprecis><attscale Sync="TRUE">0</attscale></attr><attr><attrlabl Sync="TRUE">edit_date</attrlabl><attalias Sync="TRUE">edit_date</attalias><attrtype Sync="TRUE">Date</attrtype><attwidth Sync="TRUE">8</attwidth><atprecis Sync="TRUE">0</atprecis><attscale Sync="TRUE">0</attscale></attr><attr><attrlabl Sync="TRUE">More_Info</attrlabl><attalias Sync="TRUE">More_Info</attalias><attrtype Sync="TRUE">String</attrtype><attwidth Sync="TRUE">91</attwidth><atprecis Sync="TRUE">0</atprecis><attscale Sync="TRUE">0</attscale></attr><attr><attrlabl Sync="TRUE">ShapeSTAre</attrlabl><attalias Sync="TRUE">ShapeSTAre</attalias><attrtype Sync="TRUE">Double</attrtype><attwidth Sync="TRUE">19</attwidth><atprecis Sync="TRUE">0</atprecis><attscale Sync="TRUE">0</attscale></attr><attr><attrlabl Sync="TRUE">ShapeSTLen</attrlabl><attalias Sync="TRUE">ShapeSTLen</attalias><attrtype Sync="TRUE">Double</attrtype><attwidth Sync="TRUE">19</attwidth><atprecis Sync="TRUE">0</atprecis><attscale Sync="TRUE">0</attscale></attr><attr><attrlabl Sync="TRUE">Shape_Leng</attrlabl><attalias Sync="TRUE">Shape_Leng</attalias><attrtype Sync="TRUE">Double</attrtype><attwidth Sync="TRUE">19</attwidth><atprecis Sync="TRUE">0</atprecis><attscale Sync="TRUE">0</attscale></attr><attr><attrlabl Sync="TRUE">ORIG_FID</attrlabl><attalias Sync="TRUE">ORIG_FID</attalias><attrtype Sync="TRUE">Integer</attrtype><attwidth Sync="TRUE">10</attwidth><atprecis Sync="TRUE">10</atprecis><attscale Sync="TRUE">0</attscale></attr></detailed></eainfo><mdDateSt Sync="TRUE">20211214</mdDateSt></metadata>
